Rank,Category,Asset,Project,Chain,Symbol,TVL,APY
1,Lending,BTC,morpho-blue,Base,CBBTC,2387179924.0,0.0
2,Lending,Stable,morpho-blue,Base,STEAKUSDC,465826868.0,4.51123
3,Lending,Stable,morpho-blue,Base,GTUSDCP,372434990.0,4.51177
4,Lending,BTC,aave-v3,Base,CBBTC,143770289.0,0.0291
5,Lending,ETH,morpho-blue,Base,WETH,129445739.0,0.0
6,Dexs,LPETH,uniswap-v3,Base,WETH-USDC,127966627.0,29.40505
7,Yield,Stable,multipli.fi,Base,RWAUSDI,112748311.0,3.888
8,Lending,Stable,suilend,Sui,USDC,80000000.0,5.5
9,Yield,Stable,grove-finance,Base,sUSDS,78980000.0,3.75
10,Lending,XRP,morpho-blue,Base,CBXRP,71713445.0,0.0
11,Lending,ETH,aave-v3,Base,WEETH,68615664.0,5e-05
12,Risk Curators,Stable,gauntlet,Base,GTUSDA,66789270.0,4.36174
13,Liquid Staking,SUI,springsui,Sui,sSUI,62390000.0,6.0
14,Yield,Stable,afi-protocol,Base,afiUSD,60000000.0,8.07
15,Lending,ETH,morpho-blue,Monad,STEAKETH,57170861.0,3.13922
16,Yield,Stable,multipli-fi,Monad,rwaUSD,51600000.0,12.0
17,Yield,Stable,afi-protocol,Monad,afi-rwaUSDi,49980000.0,12.1
18,Lending,ETH,morpho-blue,Monad,WSTETH,48986232.0,0.0
19,Lending,SUI,suilend,Sui,SUI,45000000.0,4.9
20,Lending,BTC,curvance,Monad,EBTC,42052481.0,0.00031
21,Lending,Stable,alphalend,Sui,USDC,40000000.0,5.0
22,Yield,Stable,afi-protocol,Base,afi-rwaUSDi,39980000.0,12.1
23,Liquid Staking,SUI,haedal-protocol,Sui,haSUI,39730000.0,3.21
24,Lending,Stable,morpho-blue,Base,PUSDC,38324898.0,4.51054
25,CDP,SUI,bucket-protocol,Sui,BUCK,37980000.0,0.0
26,Yield,ETH,k3-capital,Monad,WETH,36450000.0,0.0
27,Lending,ETH,aave-v3,Base,WSTETH,35550032.0,0.00046
28,Lending,Stable,aave-v3,Base,USDC,35187481.0,2.93193
29,Lending,Stable,curvance,Monad,VUSD,34676858.0,0.0
30,Lending,BTC,navi-lending,Sui,ENZOBTC,33665194.0,0.0
31,Onchain Capital Allocator,Stable,upshift,Monad,EARNAUSD,32631429.0,5.57551
32,Yield,Stable,hyperithm,Monad,USDC,32560000.0,6.69
33,Lending,ETH,suilend,Sui,WETH,28930000.0,2.8
34,Lending,SUI,alphalend,Sui,SUI,27160000.0,4.5
35,Dexs,LPAERO,aerodrome-v1,Base,USDC-AERO,26659936.0,20.88521
36,Dexs,LPETH,aerodrome-slipstream,Base,WETH-MSETH,26457864.0,1.81181
37,Lending,ETH,aave-v3,Base,WETH,25140608.0,1.7065
38,Lending,Stable,morpho-blue,Base,BBQUSDC,25125293.0,5.50856
39,Dexs,Stable,aerodrome-slipstream,Base,MSUSD-USDC,24173600.0,1.894
40,Lending,Stable,morpho-blue,Base,FRUSDC,23809368.0,4.51952
41,Lending,BTC,navi-lending,Sui,MBTC,23216603.0,0.0
42,Lending,SUI,navi-lending,Sui,HASUI,21896970.0,1.44518
43,Dexs,LPETH,aerodrome-v1,Base,WETH-MSETH,21848743.0,2.08611
44,Lending,Stable,navi-lending,Sui,BUCK,19341153.0,0.12315
45,Lending,Stable,aave-v3,Base,SYRUPUSDC,18899897.0,0.0
46,Dexs,LPETH,aerodrome-slipstream,Base,WETH-USDC,18252911.0,43.54961
47,Dexs,LPETH,aerodrome-slipstream,Base,WETH-CBBTC,17946214.0,26.84899
48,Lending,ETH,aave-v3,Base,CBETH,17570808.0,0.01126
49,Lending,AHYPER,morpho-blue,Monad,AHYPER,17355515.0,0.0
50,Lending,Stable,morpho-blue,Monad,HYPERUSDCA,17307628.0,7.26442
51,Lending,BTC,morpho-blue,Monad,HYPERCBBTCA,15270694.0,3.98631
52,Lending,Stable,neverland,Monad,USDC,13803574.0,8.59441
53,Lending,Stable,morpho-blue,Monad,AUGUSTUSDCV2,12939420.0,6.78798
54,Dexs,LPBTC,aerodrome-slipstream,Base,USDC-CBBTC,12415341.0,66.3597
55,Lending,SUI,navi-lending,Sui,VSUI,11328470.0,1.81739
56,Lending,BTC,morpho-blue,Monad,WBTC,10905822.0,0.0
57,Lending,Stable,neverland,Monad,AUSD,10474589.0,8.55769
58,Dexs,LPB18,uniswap-v2,Base,USDC-B18,10363475.0,5.82588
59,Lending,Stable,morpho-blue,Base,MWUSDC,10096830.0,5.54597
60,Lending,SUI,navi-lending,Sui,SUI,10065334.0,2.34544
61,Dexs,LPETH,aerodrome-v1,Base,WETH-VVV,9717268.0,36.52544
62,Dexs,LPBTC,uniswap-v3,Base,USDC-CBBTC,9669474.0,19.03949
63,Lending,Stable,curvance,Monad,EARNAUSD,9505462.0,1.83162
64,Dexs,LPETH,uniswap-v3,Base,WETH-CBBTC,9277138.0,1.20885
65,Lending,Stable,morpho-blue,Base,SPARKUSDC,8943659.0,4.07122
66,Lending,BTC,morpho-blue,Monad,TRIBTC,8504013.0,0.0
67,Lending,ETH,morpho-blue,Base,MWETH,8497271.0,2.33853
68,Lending,ETH,morpho-blue,Base,WSTETH,8393280.0,0.0
69,Dexs,Stable,aerodrome-v1,Base,MSUSD-USDC,8127294.0,5.63608
70,Lending,Stable,neverland,Monad,USDT0,8126369.0,6.48147
71,Dexs,LPETH,aerodrome-v1,Base,WETH-USDC,7971129.0,4.272
72,Onchain Capital Allocator,Stable,ember-protocol,Sui,USDC,7884305.0,2.59628
73,Dexs,LPVVV,aerodrome-v1,Base,VVV-DIEM,7619458.0,1.67266
74,Lending,LPGROVE,morpho-blue,Monad,GROVE-BBQAUSD,7611041.0,7.0577
75,Lending,Stable,morpho-blue,Monad,EARNAUSD,7441576.0,0.0
76,Lending,ETH,morpho-blue,Base,GTMSETHC,6920140.0,2.00232
77,Lending,STEAKEURC,morpho-blue,Base,STEAKEURC,6745737.0,1.21676
78,Onchain Capital Allocator,SUI,ember-protocol,Sui,SUI,6507091.0,5.06339
79,Lending,ETH,morpho-blue,Base,WSUPEROETHB,6087894.0,0.0
80,Lending,Stable,navi-lending,Sui,USDC,6019054.0,4.88355
81,Lending,Stable,curvance,Monad,SAVUSD,5603800.0,0.0
82,Dexs,LPETH,aerodrome-v1,Base,WETH-KTA,5489782.0,2.83709
83,Lending,EURC,aave-v3,Base,EURC,5488342.0,1.62274
84,Lending,ETH,morpho-blue,Base,CBETH,5275775.0,0.0
85,Dexs,LPMAG7.SSI,uniswap-v3,Base,USDC-MAG7.SSI,5009885.0,5.50005
86,Lending,ETH,euler-v2,Monad,WETH,4989328.0,4.05892
87,Lending,DEEP,navi-lending,Sui,DEEP,4729994.0,16.52557
88,Dexs,LPETH,uniswap-v2,Base,WETH-DINO,4664705.0,1.13236
89,Dexs,LPVVV,aerodrome-slipstream,Base,VVV-DIEM,4582558.0,46.00493
90,Dexs,LPVIRTUAL,aerodrome-v1,Base,VIRTUAL-WETH,4523912.0,14.97616
91,Lending,CBDOGE,morpho-blue,Base,CBDOGE,4523709.0,0.0
92,Lending,BTC,morpho-blue,Monad,MHYPERBTC,4492570.0,0.0
93,Dexs,LPETH,aerodrome-slipstream,Base,WETH-SUPEROETHB,4434702.0,1.67595
94,Dexs,LPBTC,aerodrome-slipstream,Base,CBBTC-LBTC,4399005.0,1.92886
95,Dexs,LPHASUI,cetus-clmm,Sui,HASUI-SUI,4397783.0,0.08583
96,Lending,Stable,morpho-blue,Monad,BBQUSD1,3989392.0,7.50672
97,Dexs,LPSUI,cetus-clmm,Sui,USDC-SUI,3918492.0,89.46373
98,Lending,WAL,navi-lending,Sui,WAL,3834381.0,14.26299
99,Lending,CBADA,morpho-blue,Base,CBADA,3793210.0,0.0
100,Dexs,LPDESPXA,uniswap-v3,Base,USDC-DESPXA,3690485.0,7.42869
101,Dexs,LPETH,aerodrome-slipstream,Base,WETH-VVV,3624396.0,18.95353
102,Lending,Stable,morpho-blue,Monad,WSRUSD,3534562.0,0.0
103,Dexs,LPSUI,bluefin-spot,Sui,SUI-USDC,3452522.0,66.31814
104,Lending,SUI,scallop-lend,Sui,SUI,3412339.0,3.0467
105,Dexs,LPBALD,uniswap-v3,Base,BALD-WETH,3405256.0,0.02596
106,Lending,BTC,navi-lending,Sui,LBTC,3374831.0,2.04789
107,Lending,Stable,neverland,Monad,EARNAUSD,3335482.0,2.64015
108,Lending,Stable,morpho-blue,Base,YOUSD,3335187.0,0.0
109,Dexs,LPMPP,uniswap-v3,Base,MPP-USDC,3251619.0,0.38562
110,Lending,Stable,morpho-blue,Monad,SYZUSD,3065563.0,0.0
111,Dexs,LPETH,aerodrome-slipstream,Base,WETH-AERO,3030875.0,10.26891
112,Lending,MHYPER,morpho-blue,Monad,MHYPER,3010075.0,0.0
113,Dexs,LP$OLIVIA2.0,uniswap-v3,Base,$OLIVIA2.0-USDC,2995147.0,6.35413
114,Lending,Stable,morpho-blue,Base,CSUSDC,2917773.0,8.70921
115,Lending,SOL,morpho-blue,Base,SOL,2794682.0,0.0
116,Dexs,LPETH,aerodrome-v1,Base,WETH-AERO,2785508.0,4.11157
117,Dexs,LPMAI,aerodrome-v1,Base,USDC-MAI,2776473.0,8.40226
118,Dexs,LPETH,uniswap-v3,Base,WETH-AIRDROP,2768667.0,0.00032
119,Dexs,LPBNKR,uniswap-v3,Base,BNKR-WETH,2763682.0,219.84159
120,Lending,Stable,navi-lending,Sui,USDSUI,2753545.0,7.56696
121,Dexs,LPETH,uniswap-v3,Base,WETH-BORED,2746369.0,2e-05
122,Lending,NAVX,navi-lending,Sui,NAVX,2689930.0,0.00949
123,Lending,LPPT,morpho-blue,Base,PT-APXUSD-18JUN2026,2627408.0,0.0
124,Lending,ETH,morpho-blue,Base,GTWETHB,2615535.0,3.01487
125,Lending,ETH,navi-lending,Sui,SUIETH,2551310.0,0.85451
126,Lending,ETH,neverland,Monad,WETH,2532967.0,7.31435
127,Dexs,LPETH,aerodrome-v1,Base,WETH-FAI,2523184.0,21.31325
128,Lending,Stable,curvance,Monad,SYZUSD,2427507.0,0.2
129,Lending,Stable,euler-v2,Monad,USDC,2381529.0,4.10507
130,Dexs,LPCLANKER,uniswap-v3,Base,CLANKER-WETH,2374986.0,8.56887
131,Lending,YZM,morpho-blue,Monad,YZM,2338247.0,0.0
132,Lending,Stable,navi-lending,Sui,USDY,2331631.0,3.7602
133,Dexs,LPETH,aerodrome-slipstream,Base,WETH-WSTETH,2323488.0,2.50751
134,Lending,Stable,curvance,Monad,AUSD,2228411.0,7.20953
135,Lending,VEDUST,neverland,Monad,VEDUST,2224849.0,155.48357
136,Dexs,LPETH,aerodrome-slipstream,Base,WETH-ZEN,2181597.0,64.64864
137,Dexs,LPETH,aerodrome-slipstream,Base,WETH-MORPHO,2147700.0,35.79115
138,Lending,BTC,navi-lending,Sui,XBTC,2126620.0,6.43936
139,Lending,LPYMVOG,morpho-blue,Base,YMVOG-USDC,2120796.0,4.56603
140,Lending,BTC,morpho-blue,Base,MWCBBTC,2097801.0,1.13472
141,Lending,SHMON,neverland,Monad,SHMON,2090010.0,4.21345
142,Dexs,LPAERO,aerodrome-slipstream,Base,USDC-AERO,2019760.0,34.1991
143,Lending,Stable,morpho-blue,Base,GTUSDCC,2015169.0,4.07036
144,Dexs,LPETH,aerodrome-slipstream,Base,WETH-REI,1969792.0,111.48928
145,Dexs,Stable,bluefin-spot,Sui,SUIUSDT-USDC,1964986.0,9.14435
146,Dexs,LPBTC,aerodrome-slipstream,Base,CBBTC-ZEN,1950789.0,33.73106
147,Dexs,LPENZOBTC,cetus-clmm,Sui,ENZOBTC-XBTC,1949259.0,0.04387
148,Lending,BTC,navi-lending,Sui,WBTC,1948361.0,1.45915
149,Dexs,Stable,cetus-clmm,Sui,USDC-USDY,1942043.0,0.05795
150,Lending,SUHY,morpho-blue,Base,SUHY,1938712.0,4.47328
151,Lending,BTC,aave-v3,Base,LBTC,1927994.0,0.0
152,Dexs,LPEURC,aerodrome-slipstream,Base,EURC-USDC,1850591.0,28.14827
153,Lending,Stable,morpho-blue,Monad,BBQUSDT0,1797431.0,5.00793
154,Lending,ETH,curvance,Monad,EZETH,1796900.0,0.0
155,Dexs,Stable,cetus-clmm,Sui,USDC-BUCK,1735693.0,0.64085
156,Dexs,LPETH,aerodrome-v1,Base,WETH-WELL,1633903.0,4.68676
157,Dexs,LPETH,aerodrome-slipstream,Base,CBETH-WETH,1621868.0,3.18677
158,Lending,MWEURC,morpho-blue,Base,MWEURC,1604343.0,2.58245
159,Dexs,LPETH,aerodrome-slipstream,Base,WETH-CBXRP,1565369.0,1.60376
160,Lending,BTC,morpho-blue,Base,UNIBTC,1485911.0,0.0
161,Dexs,LPWEETH.BASE,aerodrome-v1,Base,WEETH.BASE-WETH,1481307.0,2.94005
162,Dexs,LPETH,uniswap-v2,Base,WETH-USDC,1476787.0,4.54109
163,Lending,XAUM,navi-lending,Sui,XAUM,1460941.0,4.30169
164,Lending,CBLTC,morpho-blue,Base,CBLTC,1433819.0,0.0
165,Dexs,Stable,cetus-clmm,Sui,USDC-USDSUI,1403536.0,0.07899
166,Dexs,LPSEND,aerodrome-v1,Base,USDC-SEND,1387623.0,0.12119
167,Lending,BTC,morpho-blue,Monad,BBQCBBTC,1384496.0,0.0
168,Lending,LPPT,morpho-blue,Base,PT-USDAI-18JUN2026-(ARB),1366124.0,0.0
169,Dexs,LPEEARN,bluefin-spot,Sui,EEARN-USDC,1343426.0,4.05388
170,Dexs,LPTIG,aerodrome-slipstream,Base,TIG-USDC,1337508.0,3499.02363
171,Lending,Stable,morpho-blue,Monad,BBQUSDC,1334717.0,1.1091
172,Lending,ETH,morpho-blue,Base,STEAKETH,1333224.0,1.91551
173,Lending,ETH,morpho-blue,Base,WEETH,1333217.0,0.0
174,Dexs,LPETH,uniswap-v3,Base,WETH-BRETT,1332642.0,6.91677
175,Dexs,LPETH,uniswap-v3,Base,WETH-PANANA,1309480.0,0.02487
176,Dexs,LPETH,aerodrome-v1,Base,WETH-MET,1297507.0,53.72047
177,Dexs,LPVIRTUAL,uniswap-v2,Base,VIRTUAL-WETH,1295532.0,16.96614
178,Dexs,LPETH,aerodrome-slipstream,Base,WETH-SERV,1290924.0,0.0
179,Dexs,LPETH,uniswap-v3,Base,WETH-TOSHI,1273460.0,6.82584
180,Dexs,LPETH,aerodrome-v1,Base,WETH-CBBTC,1258427.0,3.19328
181,Dexs,Stable,aerodrome-slipstream,Base,USDZ-SUSDZ,1252664.0,12.19929
182,Dexs,LPETH,uniswap-v3,Base,WETH-DOGINME,1248415.0,3.65336
183,Dexs,LPFBOMB,aerodrome-v1,Base,FBOMB-USDC,1242671.0,20.31201
184,Lending,Stable,scallop-lend,Sui,USDC,1230539.0,5.22496
185,Dexs,LPYFI,aerodrome-v1,Base,YFI-WSTETH,1213331.0,4.36223
186,Lending,WMON,neverland,Monad,WMON,1204531.0,13.46697
187,Dexs,LPMSETH,aerodrome-slipstream,Base,MSUSD-MSETH,1202032.0,0.0
188,Lending,ETH,morpho-blue,Base,SMWETH,1195507.0,0.00075
189,Dexs,LPFBOMB,aerodrome-v1,Base,FBOMB-AERO,1194626.0,20.36541
190,Dexs,LPUP,aerodrome-slipstream,Base,UP-CBBTC,1191082.0,41.02474
191,Dexs,Stable,aerodrome-slipstream,Base,USDC-USDT,1180855.0,15.07802
192,Dexs,LPETH,uniswap-v3,Base,WETH-TICKER,1155314.0,0.00706
193,Lending,YZM,curvance,Monad,YZM,1128383.0,0.0
194,Dexs,LPTRUTH,bluefin-spot,Sui,TRUTH-USDC,1092769.0,3.38462
195,Dexs,Stable,cetus-clmm,Sui,USDB-BUCK,1086699.0,0.03988
196,Dexs,Stable,bluefin-spot,Sui,USDB-BUCK,1086234.0,0.03013
197,Lending,STEAKXSGD,morpho-blue,Base,STEAKXSGD,1085454.0,0.98433
198,Dexs,LPETH,aerodrome-slipstream,Base,WETH-DRV,1074437.0,20.02557
199,Lending,ARCHITECTGVI,morpho-blue,Base,ARCHITECTGVI,1066551.0,4.76682
200,Dexs,LPCBMEGA,aerodrome-slipstream,Base,USDC-CBMEGA,1064200.0,6.26548
201,Onchain Capital Allocator,BTC,ember-protocol,Sui,TBTC,1059652.0,2.34661
202,Dexs,LPNOCK,aerodrome-v1,Base,USDC-NOCK,1055167.0,8079.42566
203,Dexs,LPXTTA,uniswap-v3,Base,XTTA-USDC,1026543.0,0.00021
204,Lending,LPGROVE,morpho-blue,Base,GROVE-BBQUSDC,1012769.0,4.54202
205,Dexs,LPDEFI.SSI,uniswap-v3,Base,DEFI.SSI-USDC,1010167.0,12.30609
206,Dexs,LPSAPIEN,aerodrome-slipstream,Base,USDC-SAPIEN,1009934.0,839.125
207,Dexs,LPAGNT,uniswap-v2,Base,AGNT-USDC,1007360.0,0.0
208,Dexs,LPXBTC,bluefin-spot,Sui,XBTC-WBTC,1006552.0,8.18432
209,Lending,Stable,morpho-blue,Monad,VUSDV2,1004312.0,0.0
210,Dexs,LPCETUS,cetus-clmm,Sui,CETUS-SUI,1001520.0,9.2215
211,Dexs,LPUSSI,uniswap-v3,Base,USSI-USDC,1001473.0,1.30688
